{"current":{"general_layout":"boxed","cus_w_bd":1170,"body_bg":"#ffffff","body_bg_image":"shopify://shop_images/BG-Image.jpg","body_bg_repeat":"no-repeat","body_bg_size":"cover","body_bg_attachment":"default","body_bg_position":"default","home_keywords":"gecko shopify, Fastest, Ajax Shop, Minimal, Lazyload","shop_author":"The4","global_acc":"","use_rtl":false,"backtop":"3","backtop_des":"1","prevent_copying":false,"falling_snow":false,"catalog_mode":false,"enable_toolbar":true,"enable_new_pp":false,"enable_pro_pr_pp":false,"enable_ck_pp":false,"enable_age_pp":false,"enable_salse_pp":true,"enable_salse_pp_mb":false,"platform_email":"1","klaviyo_list_id":"","ajax_klaviyo":true,"action_mailchimp":"","ajax_mailChimp":true,"checkbox_mail":false,"link_mail":"","enable_growave":false,"enable_infiniteoptions":true,"wishlist_type":"1","app_review":"1","label_settings":"rectangular","use_sale_label":true,"label_sale_style":"2","use_sold_out_label":true,"use_new_label":false,"new_day_added":10,"c_1":"","c_2":"","c_3":"","c_4":"","enable_meta":true,"enable_tag":true,"filter_price_list":"$7-$50, $50-$150, $150-$500","logo_svg":"logo-white.svg","logo":"","logo_retina":"","logo_width":180,"logos":"","logos_retina":"","logos_width":180,"logo_mb":"","logo_mb_retina":"","logo_mb_width":110,"logo_tr_svg":"","logo_tr":"","logo_tr_retina":"","logo_tr_width":100,"h_banner":false,"h_topbar":true,"full_header":true,"sticky_header":true,"scroll_header":false,"header_design":"3","h_transparent":false,"h_tr_top":false,"h_navmb":62,"mb_cat":true,"only_icon":false,"first_cat":false,"h__bgimg":"","bgnav":"#0f1a33","opnav":100,"clnav":"#ffffff","bgnavst":"#0f1a33","opnavst":100,"clnavst":"#ffffff","bgnavtr":"#000000","opnavtr":40,"clnavtr":"#ffffff","h_icon":"la","show_search":true,"show_wis":true,"show_acc":true,"cart_des":"1","bg_hc":"#000000","cl_hc":"#ffffff","btnt4_style":"1","cl_bd_text":"#062c59","color_primary":"#d4ba80","cl_hd":"#4d5959","cl_se_tt":"#062c59","cl_se_subtt":"#878787","ld_bar":"#062c59","cl_sale":"#f68e56","cl_new":"#109533","cl_sold_out":"#999","clpr_tt":"#062c59","clpr_price":"#ffffff","clpr_price_sale":"#ffffff","clpr_price_goc":"#999999","bgwis_btn":"#fff","wis_btn":"#222222","bgwis_btn_hover":"#fff","wis_btn_hover":"#878787","bgqv_btn":"#fff","qv_btn":"#222222","bgqv_btn_hover":"#ffffff","qv_btn_hover":"#062c59","bgatc_btn":"#062c59","atc_btn":"#ffffff","bgatc_btn_hover":"#e91e63","atc_btn_hover":"#fff","bgatc_pg":"#062c59","atc_pg":"#fff","bgatc_pg_hover":"#222","atc_pg_hover":"#fff","bgck_btn":"#000","ck_btn":"#fff","bgck_btn_hover":"#222","ck_btn_hover":"#fff","cl_tooltip":"#383838","cl_tooltip_txt":"#fff","cl_lazyload":"#062c59","bg_lazyload":"#f5f5f5","use_cus_lz":false,"cus_lz":"","size_cus_lz":60,"font_source":"1","fnt_bd":"rubik_n4","fnt_heading":"abril_fatface_n4","fnt_sub_tt":"rubik_n4","fnt_bd2":"Lato","fnt_heading2":"Montserrat","fnt_sub_tt2":"Libre Baskerville","fw_bd":400,"size_bd_text":14,"bd_line_height":1.7,"hd_letter_spacing":1,"fw_hd":500,"hd_line_height":1.4,"ls_hd":2,"fw_nav":400,"fs_nav":14,"ls_nav":3,"size_se_tt":28,"fw_se_tt":600,"lh_se_tt":0,"ls_se_tt":0,"size_se_tt_mb":20,"fw_se_tt_mb":400,"lh_se_tt_mb":0,"ls_se_tt_mb":0,"size_se_stt":14,"fw_se_stt":400,"lh_se_stt":0,"ls_se_stt":0,"size_se_stt_mb":14,"fw_se_stt_mb":400,"lh_se_stt_mb":0,"ls_se_stt_mb":0,"txt_tr_pr":"capitalize","size_pr":14,"size_price_pr":14,"fw_pr":600,"ls_pr":0,"space_pr":15,"shop_layout":"default","shop_des":"default","cat_des":"1","shop_sidebar":"none","shop_size_sidebar":"2","use_hidden_cat":false,"space_sidebar":30,"ajax_shop":true,"ajax_scroll_top":false,"show_column_switch":true,"sort_enable":true,"cat_sticky":false,"shop_filters":true,"pop_style":"pop_default","type_filters":"2","logic_filter":"2","auto_hide_ofsock":false,"show_hide_ofsock":false,"pr_layout":"default","design_products":"4","size_img_pr":"2","nav_img_pr":"medium","use_sticky_des":true,"main_click":"zoom","zoom_tp":"2","pswp_tp":"light","show_zoom_img":true,"des_pr_design":"1","des_pr_layout":"1","pr_sidebar":"none","pr_sidebar_full":false,"pr_size_sidebar":"2","pr_curent":"3","fbt_pos":"1","show_first_img":false,"use_vimg":true,"sticky_atc":true,"social_pr":true,"enable_vlooping":true,"use_fimg":false,"color_ck":"","use_clicking_vimg":true,"enable_his":false,"pr_incoming_mess":false,"date_in":"3","remove_sold_out":false,"use_notify_me":true,"breadcrumb_pr":true,"back_next_pr":true,"ratio_img_main":"ratio_imgtrue","img_size_main":"nt_contain","img_pos_main":"8","ratio_img_thumb":"ratio_imgtrue","img_size_thumb":"nt_cover","img_pos_thumb":"8","share_source":"2","use_quickview":true,"use_pr_rating":false,"hide_btns":false,"use_qty":true,"price_format":"1","show_pr_img":"2","hover_img":"2","pr_overlay":10,"use_quickshop":true,"use_buy_qs":true,"swatch_design":"2","style_color":"1","swatch_style":"1","swatch_size":"medium","show_pr_color":true,"show_color_type":"1","pr_swatch_setting":"1","swatch_home_size":"small","swatch_style_settings":"rounded","show_pr_size":true,"show_size_type":"1","size_ck":"","min_qty":"0","edit_item":"0","use_cart_cd":false,"cart_time":10,"cart_pos":"side","after_action_atc":"3","search_pos":"canvas","ajax_search":true,"filter_type_search":false,"only_search_prs":true,"unavailable_prs":"last","prefix":"none","show_search_suggest":true,"search_prs_suggest":"","blog_layout":"default","blog_sidebar":"none","blog_size_sidebar":"2","blog_slider":true,"lr_enable":true,"use_privacy_policy":false,"privacy_policy_link":"","login_side":true,"checkout_url":"","growave_social_login":false,"free_ship_pr":"","gift_wrap_pr":"","link_ship":"","link_conditions":"","ship_calc_df_country":"United States","show_locale_selector":true,"lang_pos":"0","show_multiple_currencies":true,"auto_currency":false,"currency_type":"1","flag_currency":true,"size_currency":"sm","currency_pos":"0","supported_currencies":"EUR - EUR | USD - USD | GBP - GBP| SEK -SEK","currency_format":"money_format","round_currency":false,"notify_currency":true,"mess_currency":"All charges are billed in {{ currency }}. While the content of your cart is currently displayed in <span class=\"selected-currency\"></span>, the checkout will use {{ currency }} at the most current exchange rate.","hover_currency":false,"custom_css":true,"global_css":".template-index div#nt_wrapper {\nbackground: none;\n}\n.template-index h3.section-title, .type_prs_group h5 {\n    color: #fff;\n}\n.template-index .section-subtitle {\ncolor: #fff;\nopacity: 0.35;\n}\n.template-index .post-content {\n    color: #cccccc;\n}\n.template-index .post-info h4 a {\n    color: #fff;\n}\n.template-index .post-info span {\n    color: #d4ba80;\n}\nhr {\nborder-color: #d4ba80;\nmargin: 0;\n}\n.type_prs_group .product-title, .template-index h3.product-title a {\n    color: #fff !important;\n}","desktop_css":"","tablet_mobile_css":"","tablet_css":"","mobile_css":"","custom_js":false,"share_image":"","share_facebook":true,"share_twitter":true,"share_pinterest":true,"share_tumblr":true,"share_email":true,"share_telegram":true,"share_whatsapp":false,"social_facebook_link":"https://facebook.com/shopify","social_twitter_link":"https://twitter.com/shopify","social_instagram_link":"https://instagram.com/shopify","social_dribbble_link":"https://dribbble.com/shopify","social_linkedin_link":"","social_pinterest_link":"https://pinterest.com/shopify","social_tumblr_link":"","social_youtube_link":"https://www.youtube.com/shopify","social_behance_link":"","social_soundcloud_link":"","favicon":"","favicon_apple":"","checkout_header_image":"","checkout_logo_image":"","checkout_logo_position":"left","checkout_logo_size":"small","checkout_body_background_image":"","checkout_body_background_color":"#fff","checkout_input_background_color_mode":"white","checkout_sidebar_background_image":"","checkout_sidebar_background_color":"#fafafa","checkout_heading_font":"-apple-system, BlinkMacSystemFont, 'Segoe UI', Roboto, Helvetica, Arial, sans-serif, 'Apple Color Emoji', 'Segoe UI Emoji', 'Segoe UI Symbol'","checkout_body_font":"-apple-system, BlinkMacSystemFont, 'Segoe UI', Roboto, Helvetica, Arial, sans-serif, 'Apple Color Emoji', 'Segoe UI Emoji', 'Segoe UI Symbol'","checkout_accent_color":"#197bbd","checkout_button_color":"#197bbd","checkout_error_color":"#e32c2b","atw_btn":"#222222","enable_import":true,"use_eq_thumb_height":false,"img_ratio_thumb":"ratio_nt","use_eq_nav_height":false,"img_ratio_nav":"ratio_nt","img_size_nav":"nt_cover","img_pos_nav":"8","hide_currency":false,"remove_currency":false,"sup_currency":false,"fv_counter":false,"favicon_animation":"pop","fv_bgcolor":"#56cfe1","fv_txtcolor":"#ffffff","enable_pro_pp":false,"operation_days":"Mon:1700-2100,Tue:1700-2100,Wed:1700-2200,Thu:1700-2200,Fri:1700-2300,Sat:1200-2300,Sun:1200-2100","timezones":"America/Los_Angeles","sale_cl":"#ec0101","color_body_text":"#555555","color_price_sale":"#ec0101","color_lazyload":"#f5f5f5","color_secondary":"#1b1919","color_sale":"#ff4e00","color_new":"#56cfd9","color_sold_out":"#999","color_btn_slider":"#f76b6a","color_btn_slider_text":"#fff","color_btn_add":"#f76b6a","color_btn_add_text":"#fff","color_btn_qv":"#383838","color_btn_qv_text":"#fff","color_btn_vc":"#2d2d2d","color_btn_vc_text":"#fff","color_btn_ck":"#f76b6a","color_btn_ck_text":"#fff","color_threshold_bar":"#ff4b4b","color_ship":"#f76b6a","color_ship_bar":"#95bf47","color_add_page":"#f76b6a","color_add_page_text":"#fff","color_add_sticky":"#f76b6a","color_add_sticky_text":"#fff","border_color_tab":"#f76b6a","color_mbnav":"#f76b6a","color_mbnav_text":"#fff","color_vernav":"#f76b6a","color_vernav_text":"#fff","color_btn_now":"#000","color_btn_now_text":"#fff","color_input_new":"#333333","color_sign_up":"#f76b6a","color_sign_up_text":"#fff","color_backtop":"#f76b6a","color_backtop_text":"#fff","color_tooltip":"#383838","color_tooltip_text":"#fff","font_body_text":"poppins_n4","size_body_text":14.5,"body_line_height":1.2,"font_heading":"poppins_n4","titles_line_height":1.4,"size_heading":36,"size_text_h1":28,"size_text_h2":24,"size_text_h3":22,"size_text_h4":18,"size_text_h5":16,"size_text_h6":12,"fnt_sub_title":"libre_baskerville_i4","show_back_next_pr":true,"upsell_cart":"","show_custom_css":false,"show_custom_js":false,"color_sale_50":"#ff4e00","show_inline_t4css":true,"sections":{"header_top":{"type":"header_top","blocks":{"1595994733101":{"type":"social","settings":{"social":"2","border_bl":true,"black_bl":false,"hide":true,"col":"4"}},"1596007070336":{"type":"text2","settings":{"text":"<p>Summer sale discount off&nbsp;<strong><a href=\"#cr\" title=\"#cr\">50%</a></strong>!&nbsp;<a href=\"/collections/clothing\" title=\"Clothing\">Shop Now</a>;;;</p>\n<p>The Best Shopify Themes.;;;</p>\n<p>MADE WITH LOVE;;;</p>\n<p>Customer support is second to none;;;</p>\n<p>Fantastic theme! Beautifully designed!</p>","effect":"1","au_time":2.5,"hide":false,"col":"4"}},"header_top-2":{"type":"cur","settings":{"hide":true,"col":"4"}}},"block_order":["1595994733101","1596007070336","header_top-2"],"settings":{"height":50,"fontsize":14,"cl":"#d4ba80","cl_a":"#d4ba80","cl_cr":"#ffffff","bg":"#151d32","bg_op":100,"show_border":false,"bd_cl":"#000","cl_tr":"#fff","cl_a_tr":"#fff","cl_cr_tr":"#ec0101","bg_tr":"#000","bg_op_tr":10,"show_border_tr":false,"bd_cl_tr":"#b3b3b3"}},"header_3":{"type":"header_3","blocks":{"1585641084245":{"type":"mega","settings":{"title":"DEMO","url":"https://gecko5.myshopify.com/?preview_theme_id=","open_link":"_self","icon":"","cus_cl":false,"cl":"#ec0101","lb":"","lb_cl":"","pos":"center","wid":"cus","cus_wid":1000}},"1585641102330":{"type":"link","settings":{"tt_hd":"HOMEPAGES","url":"https://gecko5.myshopify.com/?preview_theme_id=","open_link":"_self","menu":"","col":"3"}},"1585904679958":{"type":"link","settings":{"tt_hd":"HOMEPAGES","url":"https://gecko5.myshopify.com/?preview_theme_id=","open_link":"_self","menu":"","col":"3"}},"1585641133987":{"type":"link","settings":{"tt_hd":"Header Layouts","url":"https://gecko5.myshopify.com/?preview_theme_id=","open_link":"_self","menu":"","col":"3"}},"1600073542502":{"type":"link","settings":{"tt_hd":"FEATURES","url":"https://gecko5.myshopify.com/?preview_theme_id=","open_link":"_self","menu":"","col":"3"}},"1585641227863":{"type":"mega","settings":{"title":"SHOP","url":"https://gecko5.myshopify.com/?preview_theme_id=","open_link":"_self","icon":"","cus_cl":false,"cl":"#ff3e11","lb":"NEW","lb_cl":"","pos":"center","wid":"cus","cus_wid":950}},"1600074670602":{"type":"link","settings":{"tt_hd":"SHOP PAGES","url":"https://gecko5.myshopify.com/?preview_theme_id=","open_link":"_self","menu":"","col":"2"}},"1600074673549":{"type":"link","settings":{"tt_hd":"FEATURES","url":"https://gecko5.myshopify.com/?preview_theme_id=","open_link":"_self","menu":"","col":"2"}},"1600074809609":{"type":"cat","settings":{"image":"","cat_design":"1","hoverz":true,"collection":"","title":"WOMEN","col":"4"}},"1585641269506":{"type":"cat","settings":{"image":"","cat_design":"1","hoverz":true,"collection":"","title":"MEN","col":"4"}},"1585641558196":{"type":"mega","settings":{"title":"PRODUCT","url":"https://gecko5.myshopify.com/?preview_theme_id=","open_link":"_self","icon":"","cus_cl":false,"cl":"#ec0101","lb":"HOT","lb_cl":"#ff3e11","pos":"center","wid":"cus","cus_wid":1050}},"1585651740816":{"type":"link","settings":{"tt_hd":"PRODUCT LAYOUT","url":"https://gecko5.myshopify.com/?preview_theme_id=","open_link":"_self","menu":"","col":"3"}},"1585641594950":{"type":"link","settings":{"tt_hd":"PRODUCT DETAIL","url":"https://gecko5.myshopify.com/?preview_theme_id=","open_link":"_self","menu":"","col":"3"}},"1600078264778":{"type":"link","settings":{"tt_hd":"PRODUCT SWATCH","url":"https://gecko5.myshopify.com/?preview_theme_id=","open_link":"_self","menu":"","col":"3"}},"1600078266941":{"type":"link","settings":{"tt_hd":"PRODUCT FEATURES","url":"https://gecko5.myshopify.com/?preview_theme_id=","open_link":"_self","menu":"","col":"3"}},"1585641802325":{"type":"dropdown","settings":{"title":"PORTFOLIO","url":"https://gecko5.myshopify.com/?preview_theme_id=","open_link":"_self","menu":"portfolio","icon":"","cus_cl":false,"cl":"#ec0101","lb":"","lb_cl":"","pos":"right"}},"1585641835304":{"type":"dropdown","settings":{"title":"LOOKBOOK","url":"https://gecko5.myshopify.com/?preview_theme_id=","open_link":"_self","menu":"","icon":"","cus_cl":false,"cl":"#ec0101","lb":"","lb_cl":"","pos":"right"}},"1585641843539":{"type":"dropdown","settings":{"title":"BLOG","url":"shopify://blogs/life-style","open_link":"_self","menu":"blog","icon":"","cus_cl":false,"cl":"#ec0101","lb":"","lb_cl":"","pos":"left"}}},"block_order":["1585641084245","1585641102330","1585904679958","1585641133987","1600073542502","1585641227863","1600074670602","1600074673549","1600074809609","1585641269506","1585641558196","1585651740816","1585641594950","1600078264778","1600078266941","1585641802325","1585641835304","1585641843539"],"settings":{"height":70,"arrow":false,"align":"tc","hover":"hover_side_up"}},"footer_top":{"type":"footer_top","blocks":{"1581507819652":{"type":"logo","settings":{"image":"","logo_width":200,"title":"GET IN TOUCH","content":"<p><i class=\"pegk pe-7s-map-marker\"> </i><span>184 Main Rd E, St Albans <br> <span class=\"pl__30\">VIC 3021, Australia</span></span></p><p><i class=\"pegk pe-7s-mail\"></i><span> <a href=\"mailto:contact@company.com\">contact@company.com</a></span></p><p><i class=\"pegk pe-7s-call\"></i> <span>+001 2233 456 </span></p>","social_mode":"3","order":"1","cl":"3","cl_tb":"6","cl_mb":"12"}},"1581507824602":{"type":"menu","settings":{"title":"CATEGORIES","menu":"categories","order":"1","cl":"2","cl_tb":"6","cl_mb":"12"}},"1581507828337":{"type":"menu","settings":{"title":"INFOMATION","menu":"information","order":"1","cl":"2","cl_tb":"6","cl_mb":"12"}},"1581507840818":{"type":"menu","settings":{"title":"USEFUL LINKS","menu":"quick-links","order":"1","cl":"2","cl_tb":"6","cl_mb":"12"}},"1581507835369":{"type":"mail","settings":{"newl_des":"1","btn_icon":false,"title":"NEWSLETTER SIGNUP","sub_title":"Subscribe to our newsletter and get 10% off your first purchase","source":"2","image":"shopify://shop_images/payment2.png","svg":"amazon_payments,american_express,apple_pay,bitcoin,visa","height":30,"order":"1","cl":"3","cl_tb":"6","cl_mb":"12"}}},"block_order":["1581507819652","1581507824602","1581507828337","1581507840818","1581507835369"],"settings":{"sticky":false,"accordions":true,"border":false,"bd_cl":"#ededed","cl_h":"#ffffff","cl":"#ffffff","cl_a":"#ffffff","cl_ip":"#ffffff","bd_ip":"#ffffff","cl_btn":"#062c59","bg":"#000000","bg_repeat":"no-repeat","bg_size":"cover","bg_att":"scroll","bg_pos":"center center","image":"shopify://shop_images/Footer_Parallex_BG_Image.jpg","cl_overlay":"#000","cl_opacity":22}},"footer_bot":{"type":"footer_bot","blocks":{"1581507860120":{"type":"copy","settings":{"text":"Copyright © [year] <span class=\"\">Gecko</span> all rights reserved. Powered by <a href=\"https://the4.co\">The4</a>"}},"1581507855652":{"type":"menu","settings":{"menu":"footer"}}},"block_order":["1581507860120","1581507855652"],"settings":{"layout":"6","bg":"#0f1a33","cl":"#ffffff","cl_a":"#ffffff"}},"nt_custom_color":{"type":"nt_custom_color","blocks":{"1600078759493":{"type":"lb_menu","settings":{"title":"hot","color_1_c":"#ff3e11","color_txt":"#fff"}}},"block_order":["1600078759493"],"settings":{}},"cart_widget":{"type":"cart_widget","blocks":{"cart_widget-0":{"type":"price","settings":{}},"cart_widget-1":{"type":"tax","settings":{}},"cart_widget-2":{"type":"agree","settings":{}},"cart_widget-3":{"type":"btnc","settings":{}},"cart_widget-4":{"type":"btnck","settings":{}},"cart_widget-5":{"type":"btnmr","settings":{}},"cart_widget-6":{"type":"img","settings":{"image":""}},"cart_widget-7":{"type":"btn","settings":{"title":"Return To Shop","url":"","style":"primary tu"}}},"block_order":["cart_widget-0","cart_widget-1","cart_widget-2","cart_widget-3","cart_widget-4","cart_widget-5","cart_widget-6","cart_widget-7"],"settings":{"style":"1","pos":"2","calc_ship":true,"show_note":true,"show_rates":true,"show_discount":true,"show_gift_wrap":true}},"mb_nav":{"type":"mb_nav","blocks":{"mb_nav-0":{"type":"menu","settings":{"title":"Demo","url":"","open_link":"_self","menu":"","icon":"","lb":"","lb_cl":""}},"mb_nav-1":{"type":"menu","settings":{"title":"Shop","url":"","open_link":"_self","menu":"","icon":"","lb":"","lb_cl":""}},"mb_nav-2":{"type":"menu","settings":{"title":"Product","url":"","open_link":"_self","menu":"","icon":"","lb":"","lb_cl":""}},"1585642902196":{"type":"menu","settings":{"title":"Sale","url":"","open_link":"_self","menu":"","icon":"","lb":"","lb_cl":""}},"1585642908420":{"type":"menu","settings":{"title":"Portfolio","url":"","open_link":"_self","menu":"","icon":"","lb":"","lb_cl":""}},"mb_nav-3":{"type":"menu","settings":{"title":"Lookbook","url":"","open_link":"_self","menu":"","icon":"","lb":"","lb_cl":""}},"1585642887352":{"type":"menu","settings":{"title":"Blog","url":"","open_link":"_self","menu":"","icon":"","lb":"","lb_cl":""}},"mb_nav-4":{"type":"wis","settings":{}},"mb_nav-5":{"type":"sea","settings":{}},"mb_nav-6":{"type":"acc","settings":{}},"mb_nav-7":{"type":"help","settings":{"title":"Need help?","text":"<i class=\"pegk pe-7s-call fwb mr__10\"></i>+01 23456789<br><i class=\"pegk pe-7s-mail fwb mr__10\"></i><a class=\"cg\" href=\"mailto:gecko@domain.com\">gecko@domain.com</a>"}},"mb_nav-8":{"type":"cur","settings":{}}},"block_order":["mb_nav-0","mb_nav-1","mb_nav-2","1585642902196","1585642908420","mb_nav-3","1585642887352","mb_nav-4","mb_nav-5","mb_nav-6","mb_nav-7","mb_nav-8"],"settings":{}},"mb_cat":{"type":"mb_cat","blocks":{"1585641915360":{"type":"cat","settings":{"cat":"","title":"Women’s Clothing","menu":"","lb":"","lb_cl":"#e91e63","icons_op":"2","image":"","icon":"female"}},"1585642130935":{"type":"cat","settings":{"cat":"","title":"Men’s Clothing","menu":"","lb":"","lb_cl":"#e91e63","icons_op":"2","image":"","icon":"male"}},"1585642167981":{"type":"cat","settings":{"cat":"","title":"Watches","menu":"","lb":"","lb_cl":"#e91e63","icons_op":"2","image":"","icon":"clock"}},"1585642277236":{"type":"cat","settings":{"cat":"","title":"Acessories","menu":"","lb":"","lb_cl":"#e91e63","icons_op":"2","image":"","icon":"glasses"}},"1585642450066":{"type":"cat","settings":{"cat":"","title":"","menu":"","lb":"","lb_cl":"#e91e63","icons_op":"2","image":"","icon":"camera-retro"}},"1585642600575":{"type":"cat","settings":{"cat":"","title":"Shoes","menu":"","lb":"","lb_cl":"#e91e63","icons_op":"2","image":"","icon":"shoe-prints"}},"1585642629333":{"type":"cat","settings":{"cat":"","title":"Jewellery","menu":"","lb":"","lb_cl":"#e91e63","icons_op":"2","image":"","icon":"gem"}},"1585642644518":{"type":"cat","settings":{"cat":"","title":"T-Shirt","menu":"","lb":"","lb_cl":"#e91e63","icons_op":"2","image":"","icon":"tshirt"}},"1585642780875":{"type":"cat","settings":{"cat":"","title":"Toys, Kids & Baby","menu":"","lb":"","lb_cl":"#e91e63","icons_op":"2","image":"","icon":"child"}},"1585642798957":{"type":"cat","settings":{"cat":"","title":"Decor","menu":"","lb":"","lb_cl":"#e91e63","icons_op":"2","image":"","icon":"chair"}}},"block_order":["1585641915360","1585642130935","1585642167981","1585642277236","1585642450066","1585642600575","1585642629333","1585642644518","1585642780875","1585642798957"],"settings":{}},"toolbar_mobile":{"type":"toolbar_mobile","blocks":{"toolbar_mobile-0":{"type":"shop","settings":{"title":"Shop","link":""}},"1581912867486":{"type":"filter","settings":{"title":"Filter"}},"toolbar_mobile-1":{"type":"wish","settings":{"title":"Wishlist"}},"toolbar_mobile-2":{"type":"cart","settings":{"title":"Cart"}},"toolbar_mobile-3":{"type":"account","settings":{"title":"Account"}},"toolbar_mobile-4":{"type":"search","settings":{"title":"Search"}}},"block_order":["toolbar_mobile-0","1581912867486","toolbar_mobile-1","toolbar_mobile-2","toolbar_mobile-3","toolbar_mobile-4"],"settings":{"show_txt":true}},"header_banner":{"type":"header_banner","settings":{"link":"shopify://collections/trending","text":"Today deal sale off <strong>70% </strong>. End in [countdown].  Hurry Up <i class=\"las la-arrow-right\"></i>","countdown":"2020/12/19","height":41,"fontsize":12,"cl":"#fff","bg":"#e91e63","bg_op":100,"show_close":true,"show_icon":false,"txt_btn":"close","cl_btn":"#fff","ver":1,"date":60}},"cat_shop":{"type":"cat_shop","blocks":{"1585708473928":{"type":"cat","settings":{"collection":"","icon":""}},"1585708487707":{"type":"cat","settings":{"collection":"","icon":""}},"1585708576212":{"type":"cat","settings":{"collection":"","icon":""}},"1585708497192":{"type":"cat","settings":{"collection":"","icon":""}},"1585708590448":{"type":"cat","settings":{"collection":"","icon":""}},"1585708599819":{"type":"cat","settings":{"collection":"","icon":""}},"1585708606287":{"type":"cat","settings":{"collection":"","icon":""}},"1585708650045":{"type":"cat","settings":{"collection":"","icon":""}},"1585708658170":{"type":"cat","settings":{"collection":"","icon":""}},"1585708665193":{"type":"cat","settings":{"collection":"","icon":""}},"1585708676694":{"type":"cat","settings":{"collection":"","icon":""}}},"block_order":["1585708473928","1585708487707","1585708576212","1585708497192","1585708590448","1585708599819","1585708606287","1585708650045","1585708658170","1585708665193","1585708676694"],"settings":{"shown":true,"source":"2","sort":"alphabetical"}},"cat_heading":{"type":"cat_heading","blocks":{"cat_heading-0":{"type":"1","settings":{}},"cat_heading-1":{"type":"2","settings":{}}},"block_order":["cat_heading-0","cat_heading-1"],"settings":{"shown":true,"image":"","use_specify_image":true,"parallax":false,"color":"#000","overlay":54,"padding":50,"bg_pos":"center center","bg_repeat":"no-repeat","bg_size":"cover","bg_att":"scroll"}},"nt_filter":{"type":"nt_filter","blocks":{"1581909372373":{"type":"color","settings":{"hidden_block":false,"title":"By Color","arra_enter":"Red,White,Brown,Blue, Black, Green, Grey, Sliver,Pink","use_auto_filter_tag":true,"key":"Color"}},"1581914074326":{"type":"other","settings":{"hidden_block":false,"title":"By Price","arra_enter":"","use_auto_filter_tag":true,"key":"Price","style":"ck"}},"1581913909406":{"type":"other","settings":{"hidden_block":false,"title":"By Size","arra_enter":"","use_auto_filter_tag":true,"key":"Size","style":"ck"}},"1581913174211":{"type":"brand","settings":{"hidden_block":false,"title":"By Brand","arra_enter":"","use_auto_filter_tag":true,"key":"Vendor","style":"ck"}}},"block_order":["1581909372373","1581914074326","1581913909406","1581913174211"],"settings":{}},"collection_page":{"type":"collection_page","settings":{"limit":12,"space":30,"use_pagination":"default","use_bar_lm":true,"col_pr":"3","col_pr_tb":"3","col_pr_mb":"6","pr_des":"1","show_vendor":false,"use_cdt":false,"round_cd":false,"cdt_des":"1","use_eq_height":false,"image_ratio":"ratio_nt","image_size":"nt_cover","image_position":"8"}},"article-heading":{"type":"article-heading","blocks":{"article-heading-0":{"type":"1","settings":{}},"article-heading-1":{"type":"2","settings":{}},"article-heading-2":{"type":"3","settings":{}}},"block_order":["article-heading-0","article-heading-1","article-heading-2"],"settings":{"shown":true,"image":"","use_specify_image":true,"parallax":true,"color":"#000","overlay":54,"padding":50,"bg_pos":"center center","bg_repeat":"no-repeat","bg_size":"cover","bg_att":"scroll"}},"article-template":{"type":"article-template","blocks":{"article-template-0":{"type":"content","settings":{}},"article-template-1":{"type":"tags","settings":{}},"article-template-2":{"type":"social","settings":{"follow":false,"tooltip":true,"des":"2"}},"article-template-3":{"type":"nav","settings":{}},"article-template-4":{"type":"related","settings":{"title":"Related Articles","t_center":true,"limit":5,"date":"date","col_pr":"4","col_pr_tb":"4","col_pr_mb":"12","loop":false,"au_time":0,"au_hover":true,"button":true,"btn_vi":"2","btn_owl":"1","btn_color":"0","dot":true,"dot_owl":"1","dot_color":"1","use_eq_height":true,"image_ratio":"ratio4_3","image_size":"nt_cover","image_position":"8"}},"article-template-5":{"type":"comments","settings":{}}},"block_order":["article-template-0","article-template-1","article-template-2","article-template-3","article-template-4","article-template-5"],"settings":{}},"pr_summary":{"type":"pr_summary","blocks":{"pr_summary-0":{"type":"title","settings":{"size":25}},"pr_summary-1":{"type":"pricereview","settings":{"price":"0","rating":true}},"1600243727580":{"type":"stock","settings":{"icon":"2","icon_name":"hourglass-half","img":"","fade":true,"st":"3","qty":10,"total_items":100,"stock_from":12,"stock_to":20,"al":"tc","mess":"HURRY! ONLY [stock_number] LEFT IN STOCK.","size":16,"progress":true,"wbar":100,"stock_bg_process":"#f76b6a","bgten":"#ec0101","stock_bg":"#ffe8e8"}},"1600243445031":{"type":"countdown","settings":{"source":"1","timezone":false,"loop":true,"icon":"2","icon_name":"stopwatch","img":"","fade":true,"al":"tl","mess":"Hurry up! Sale Ends in","size":16,"stock_time":"8:00:00,16:00:00,23:59:59","day":"days","hr":"hours","min":"mins","sec":"secs","cd_style":"dark"}},"pr_summary-3":{"type":"frm","settings":{"ani":"shake","time":6,"btn_des":"1","btn_txt":"3","swatch_design":"2","style_color":"1","swatch_style":"1","swatch_size":"medium","show_qty":true,"btn_atc_full":false,"enable_payment_btn":true}},"1585709158220":{"type":"img","settings":{"mess":"","size":16,"source":"1","image":"shopify://shop_images/trustseal.png","al":"tl","wimg":89,"svg":"amazon_payments,american_express,apple_pay,bitcoin,dankort,diners_club,discover,dogecoin,dwolla,forbrugsforeningen,interac,google_pay,jcb,klarna,klarna-pay-later,litecoin,maestro,master,paypal,shopify_pay,sofort,visa","height":50}},"pr_summary-5":{"type":"meta","settings":{"show_pr_vendor":false,"show_sku":true,"show_available":false,"show_category_product":true,"show_tag_product":true}},"pr_summary-6":{"type":"social","settings":{"class":"tc"}}},"block_order":["pr_summary-0","pr_summary-1","1600243727580","1600243445031","pr_summary-3","1585709158220","pr_summary-5","pr_summary-6"],"settings":{}},"pr_description":{"type":"pr_description","blocks":{"pr_description-0":{"type":"des","settings":{"title":"Description"}},"pr_description-1":{"type":"add","settings":{"title":"Additional Information"}},"1585724379549":{"type":"html","settings":{"title":"Custom tab","page":""}},"pr_description-2":{"type":"rivui","settings":{"title":"Reviews"}}},"block_order":["pr_description-0","pr_description-1","1585724379549","pr_description-2"],"settings":{"show":true,"bgcl":"#f6f6f8","bgclmb":"#fff","des_w":"3","des_mb":"2","auto":false,"mg":"30px,,30px,","mg_mb":"0,,0,"}},"product-recommendations":{"type":"product-recommendations","settings":{"show":true,"title":"You may also like","sub_title":"","sub_font":"2","style_title":"title_1","ic_tt":"gem","show_clpr":false,"display_type":"3","limit":6,"space":30,"col_pr":"3","col_pr_tb":"3","col_pr_mb":"6","pr_des":"1","show_vendor":false,"use_cdt":false,"round_cd":false,"cdt_des":"1","loop":true,"au_time":0,"au_hover":true,"button":false,"btn_vi":"1","btn_owl":"1","btn_color":"0","dot":false,"dot_owl":"1","dot_color":"1","use_eq_height":false,"image_ratio":"ratio_nt","image_size":"nt_cover","image_position":"8"}},"recently_viewed":{"type":"recently_viewed","settings":{"show":true,"unavailable_prs":"show","title":"Recently viewed products","sub_title":"","sub_font":"2","style_title":"title_1","ic_tt":"gem","show_clpr":false,"limit":6,"sortby":"3","space":30,"col_pr":"3","col_pr_tb":"3","col_pr_mb":"6","pr_des":"1","show_vendor":false,"use_cdt":false,"round_cd":false,"cdt_des":"1","loop":true,"au_time":0,"au_hover":true,"button":false,"btn_vi":"1","btn_owl":"1","btn_color":"0","dot":false,"dot_owl":"1","dot_color":"1","use_eq_height":false,"image_ratio":"ratio_nt","image_size":"nt_cover","image_position":"8"}},"list_cat_heading":{"type":"list_cat_heading","settings":{"shown":true,"image":"","use_specify_image":true,"parallax":false,"color":"#000","overlay":54,"padding":50,"bg_pos":"center center","bg_repeat":"no-repeat","bg_size":"cover","bg_att":"scroll"}},"list-collections-template":{"type":"list-collections-template","settings":{"layout":"default","hoverz":true,"cat_design":"1","cat_space":"30","display_type":"all","sort":"alphabetical","col":"4","col_md":"3","col_mb":"6","spn_txt":"Shop now","pr_txt":"products","use_eq_height":true,"image_ratio":"ratio1_1"}},"cart_heading":{"type":"cart_heading","blocks":{"cart_heading-0":{"type":"1","settings":{"title":"Shopping cart"}}},"block_order":["cart_heading-0"],"settings":{"image":"","parallax":false,"color":"#000","overlay":50,"padding":50,"bg_pos":"center center","bg_repeat":"no-repeat","bg_size":"cover","bg_att":"scroll"}},"cart-template":{"type":"cart-template","blocks":{"cart-template-0":{"type":"price","settings":{}},"cart-template-1":{"type":"tax","settings":{}},"cart-template-2":{"type":"agree","settings":{}},"cart-template-3":{"type":"btnck","settings":{}},"cart-template-4":{"type":"btnmr","settings":{}},"cart-template-5":{"type":"img","settings":{"image":"","wimg":50}},"cart-template-6":{"type":"btn","settings":{"title":"Return To Shop","url":"","style":"primary tu"}}},"block_order":["cart-template-0","cart-template-1","cart-template-2","cart-template-3","cart-template-4","cart-template-5","cart-template-6"],"settings":{"ajax_enable":true,"calc_ship":true,"show_note":true,"show_rates":true,"show_discount":true,"show_gift_wrap":true}},"cart_upsell":{"type":"cart_upsell","settings":{"show_section":true,"title":"Complete your cart","sub_title":"","style_title":"title_1","ic_tt":"gem","show_clpr":false,"collection":"","limit":6,"space_cat":"30","col_pr":"3","col_pr_tb":"3","col_pr_mb":"6","pr_des":"1","show_vendor":false,"sale_countdown":false,"collection_countdown_style":"dark","use_eq_height":false,"image_ratio":"ratio_nt","image_size":"nt_cover","image_position":"8"}},"blog-heading":{"type":"blog-heading","blocks":{"blog-heading-0":{"type":"1","settings":{}},"blog-heading-1":{"type":"2","settings":{}}},"block_order":["blog-heading-0","blog-heading-1"],"settings":{"shown":true,"image":"","parallax":false,"color":"#000","overlay":54,"padding":50,"bg_pos":"center center","bg_repeat":"no-repeat","bg_size":"cover","bg_att":"scroll"}},"blog-template":{"type":"blog-template","settings":{"shop_des":"default","art_des":"1","limit":5,"space":40,"use_pagination":"default","use_bar_lm":true,"btn_rd":true,"btn_style":"default","date":"date","col_pr":"6","col_pr_tb":"6","col_pr_mb":"12","show_au":true,"show_dt":true,"show_cm":false,"show_tg":true,"cl":"#fff","cl2":"#878787","bg":"#000","overlay":90,"des_cnt":"1","use_eq_height":true,"image_ratio":"ratio4_3","image_size":"nt_cover","image_position":"8","source":"0","count":true}},"blog-slider":{"type":"blog-slider","settings":{"blog":"","limit":6,"date":"date","col_pr":"4","col_pr_tb":"4","col_pr_mb":"12","show_au":true,"show_dt":true,"loop":false,"au_time":0,"au_hover":true,"button":true,"btn_vi":"1","btn_owl":"1","btn_color":"0","dot":false,"dot_owl":"1","dot_color":"1","cl":"#fff","cl2":"#878787","bg":"#000","overlay":80,"use_eq_height":true,"image_ratio":"ratio4_3","image_size":"nt_cover","image_position":"8","layout":"nt_full"}},"bptf-heading":{"type":"bptf-heading","blocks":{"bptf-heading-0":{"type":"1","settings":{}},"bptf-heading-1":{"type":"2","settings":{}}},"block_order":["bptf-heading-0","bptf-heading-1"],"settings":{"shown":true,"image":"","parallax":false,"color":"#000","overlay":54,"padding":50,"bg_pos":"center center","bg_repeat":"no-repeat","bg_size":"cover","bg_att":"scroll"}},"bptf-template":{"type":"bptf-template","settings":{"ptf_layout":"default","shop_des":"masonry","limit":5,"space":30,"use_pagination":"default","use_bar_lm":true,"btn_rd":true,"btn_style":"default","col_pr":"6","col_pr_tb":"6","col_pr_mb":"12","use_eq_height":false,"image_ratio":"ratio_nt","image_size":"nt_cover","image_position":"8","source":"1","count":true}},"aptf-heading":{"type":"aptf-heading","blocks":{"aptf-heading-0":{"type":"1","settings":{}},"aptf-heading-1":{"type":"2","settings":{}}},"block_order":["aptf-heading-0","aptf-heading-1"],"settings":{"shown":true,"image":"","use_specify_image":true,"parallax":false,"color":"#000","overlay":54,"padding":50,"bg_pos":"center center","bg_repeat":"no-repeat","bg_size":"cover","bg_att":"scroll"}},"aptf-template":{"type":"aptf-template","blocks":{"aptf-template-0":{"type":"content","settings":{}},"aptf-template-1":{"type":"infos","settings":{"cat":true,"author":true,"tags":true}},"aptf-template-2":{"type":"social","settings":{"follow":false,"tooltip":true,"des":"2"}},"aptf-template-3":{"type":"nav","settings":{}},"aptf-template-4":{"type":"related","settings":{"title":"Related Portfolio","t_center":true,"limit":5,"date":"date","col_pr":"4","col_pr_tb":"4","col_pr_mb":"12","loop":false,"au_time":0,"au_hover":true,"button":true,"btn_vi":"2","btn_owl":"1","btn_color":"0","dot":true,"dot_owl":"1","dot_color":"1","use_eq_height":false,"image_ratio":"ratio_nt","image_size":"nt_cover","image_position":"8"}}},"block_order":["aptf-template-0","aptf-template-1","aptf-template-2","aptf-template-3","aptf-template-4"],"settings":{"ptf_layout":"default"}},"pages_heading":{"type":"pages_heading","blocks":{"pages_heading-0":{"type":"1","settings":{}}},"block_order":["pages_heading-0"],"settings":{"image":"","parallax":false,"color":"#000","overlay":54,"padding":50,"bg_pos":"center center","bg_repeat":"no-repeat","bg_size":"cover","bg_att":"scroll"}},"sticky_atc":{"type":"sticky_atc","settings":{"mb":true,"ani":"none","time":6}},"sales_popup":{"type":"sales_popup","settings":{"collection_id":"","limit":50,"index":true,"product":true,"collection":false,"article":false,"blog":false,"cart":false,"page":false,"pp_type":"2","start_time":5,"start_time_unit":"1000","stay_time":10,"stay_time_unit":"1000","show_cl":true,"show_qv":true,"list_user":"Nathan (California) | Alex (Texas) | Henry (New York) | Kiti (Ohio) | Daniel (Washington) | Hau (California) | Van (Ohio) | Sara (Montana)  | Kate (Georgia)","show_time":true,"list_time":"4 hours ago | 2 hours ago | 45 minutes ago | 1 day ago | 8 hours ago | 10 hours ago | 25 minutes ago | 2 day ago | 5 hours ago | 40 minutes ago","show_verify":true,"des":"1","pp_ani":"anislideInUp","txt1":"purchased","txt2":"Verified"}},"promo_pr_pp":{"type":"promo_pr_pp","settings":{"title":"Wait! Can't find what you're looking for?","sub_title":"Maybe this will help...","sub_font":"2","btn_title":"See all products","style_title":"title_1","ic_tt":"gem","show_clpr":false,"collection_id":"christmas","limit":8,"col_pr":"3","pr_des":"1","show_vendor":false,"use_cdt":false,"round_cd":false,"cdt_des":"1","loop":true,"au_time":0,"au_hover":true,"button":false,"btn_vi":"1","btn_owl":"1","btn_color":"0","dot":false,"dot_owl":"1","dot_color":"1","use_eq_height":false,"image_ratio":"ratio_nt","image_size":"nt_cover","image_position":"8","index":true,"product":false,"collection":false,"article":false,"blog":false,"cart":false,"page":false,"day_next":8}},"re_upsell":{"type":"re_upsell","settings":{"title":"You may also like","sub_title":"","sub_font":"2","style_title":"title_2","ic_tt":"gem","show_clpr":false,"display_type":"3","limit":6,"space":30,"col_pr":"3","col_pr_tb":"3","col_pr_mb":"6","pr_des":"1","show_vendor":false,"use_cdt":false,"round_cd":false,"cdt_des":"1","use_eq_height":false,"image_ratio":"ratio_nt","image_size":"nt_cover","image_position":"8"}},"page_meta_ntt4":{"type":"page_meta_ntt4","settings":{}},"img_meta_ntt4":{"type":"img_meta_ntt4","settings":{}},"nt_filter2":{"type":"nt_filter2","blocks":{"nt_filter2-0":{"type":"title","settings":{"hidden_block":false,"title":"By Title"}},"nt_filter2-1":{"type":"price","settings":{"hidden_block":false,"title":"By Price"}},"nt_filter2-2":{"type":"variants","settings":{"hidden_block":false,"count":true,"title":"By Size","key":"Size","style":"ck"}},"nt_filter2-3":{"type":"color","settings":{"hidden_block":false,"count":true,"title":"By Color","key":"Color"}},"nt_filter2-4":{"type":"vendor","settings":{"hidden_block":false,"count":true,"title":"By Vendor","style":"ck"}},"nt_filter2-5":{"type":"available","settings":{"hidden_block":false,"count":false,"title":"Product status"}}},"block_order":["nt_filter2-0","nt_filter2-1","nt_filter2-2","nt_filter2-3","nt_filter2-4","nt_filter2-5"],"settings":{}},"sidebar_shop2":{"type":"sidebar_shop2","blocks":{"sidebar_shop2-0":{"type":"title","settings":{"hidden_block":false,"title":"By Title"}},"sidebar_shop2-1":{"type":"price","settings":{"hidden_block":false,"title":"By Price"}},"sidebar_shop2-2":{"type":"variants","settings":{"hidden_block":false,"count":true,"title":"By Size","key":"Size","style":"ck"}},"sidebar_shop2-3":{"type":"color","settings":{"hidden_block":false,"count":true,"title":"By Color","key":"Color"}},"sidebar_shop2-4":{"type":"vendor","settings":{"hidden_block":false,"count":true,"title":"By Vendor","style":"ck"}},"sidebar_shop2-5":{"type":"available","settings":{"hidden_block":false,"count":true,"title":"Product status"}},"1596191009077":{"type":"variants","settings":{"hidden_block":false,"count":false,"title":"By Shoes Size","key":"Shoes Size","style":"ck"}},"1596419303044":{"type":"tags","settings":{"hidden_block":false,"count":true,"title":"By Tags","style":"ck"}},"1596419377121":{"type":"tag","settings":{"hidden_block":false,"count":true,"title":"By Tag Color","key":"color","style":"ck"}}},"block_order":["sidebar_shop2-0","sidebar_shop2-1","sidebar_shop2-2","sidebar_shop2-3","sidebar_shop2-4","sidebar_shop2-5","1596191009077","1596419303044","1596419377121"],"settings":{}},"1581505806578":{"type":"slideshow","blocks":{"1585640159361":{"type":"img","settings":{"image":"shopify://shop_images/Main-Banner-02.jpg","image_mb":"shopify://shop_images/Main-Banner-02.jpg","pos_img":"center center","cl_img":"","link_img1":"","open_link":"_blank","caption_w":"1","cap_v_pos":50,"cap_h_pos":50,"txt_align":"tc_md","cap_v_pos_mb":50,"cap_h_pos_mb":50,"txt_align_mb":"tc","cl_overlay":"#000000","cl_opacity":10,"ani_img":"zoom","ani_txt":"bottom_top"}},"1585640443284":{"type":"subhd","settings":{"font":"f_body","title":"Free Shipping On Registration","color":"#f03538","fw_text":400,"fs_text":16,"lh_text":0,"ls_text":2,"fs_mb_text":15,"lh_mb_text":0,"ls_mb_text":0,"hide":false}},"1585640460694":{"type":"space","settings":{"sp":25,"sp_mb":10}},"1585640447349":{"type":"hd","settings":{"title":"Christmas Flate","color":"#151515","fw_text":600,"fs_text":50,"lh_text":0,"ls_text":1,"fs_mb_text":25,"lh_mb_text":0,"ls_mb_text":0}},"1585640466340":{"type":"space","settings":{"sp":25,"sp_mb":10}},"1600238963177":{"type":"txt","settings":{"title":"Gecko is contributing to Campaign Zero & Black Visions<br>\nCollective to Support & Solidarity...","color":"#333333","fw_text":400,"fs_text":16,"lh_text":0,"ls_text":0,"fs_mb_text":14,"lh_mb_text":0,"ls_mb_text":0,"hide":false}},"1600238972491":{"type":"space","settings":{"sp":20,"sp_mb":10}},"1585640453760":{"type":"btn","settings":{"title":"Start Shopping","btn_link":"shopify://collections/christmas","title2":"Shop Now","btn_link2":"","btn_round":false,"btn_icon":false,"cl_txt":"#fff","cl_bg":"#0f1a33","cl_bd":"#0f1a33","fs_text":14,"fw_text":400,"h":42,"ls_text":0,"fs_mb_text":14,"h_mb":40,"ls_mb_text":0}},"1585640154849":{"type":"img","settings":{"image":"shopify://shop_images/Main-Banner-01.jpg","image_mb":"","pos_img":"center center","cl_img":"","link_img1":"","open_link":"_blank","caption_w":"1","cap_v_pos":50,"cap_h_pos":50,"txt_align":"tc_md","cap_v_pos_mb":50,"cap_h_pos_mb":50,"txt_align_mb":"tc","cl_overlay":"#000","cl_opacity":10,"ani_img":"tran_ef","ani_txt":"bottom_top"}},"1585640474337":{"type":"subhd","settings":{"font":"f_body","title":"Save Upto 45% Off On Shop","color":"#f03538","fw_text":400,"fs_text":16,"lh_text":0,"ls_text":2,"fs_mb_text":15,"lh_mb_text":0,"ls_mb_text":0,"hide":false}},"1585640490350":{"type":"space","settings":{"sp":25,"sp_mb":15}},"1585640480446":{"type":"hd","settings":{"title":"Festival Offer","color":"#151515","fw_text":600,"fs_text":50,"lh_text":0,"ls_text":1,"fs_mb_text":25,"lh_mb_text":0,"ls_mb_text":0}},"1585640492985":{"type":"space","settings":{"sp":25,"sp_mb":15}},"1600239193246":{"type":"txt","settings":{"title":"Christmas Giveaway Event reader will be distracted.<br>\nBest Online Store For Shopping Ever.","color":"#333333","fw_text":400,"fs_text":16,"lh_text":0,"ls_text":0,"fs_mb_text":14,"lh_mb_text":0,"ls_mb_text":0,"hide":false}},"1600239199659":{"type":"space","settings":{"sp":20,"sp_mb":10}},"1585640485544":{"type":"btn","settings":{"title":"Start Shopping","btn_link":"shopify://collections/christmas","title2":"","btn_link2":"","btn_round":false,"btn_icon":false,"cl_txt":"#ffffff","cl_bg":"#e91e63","cl_bd":"#e91e63","fs_text":14,"fw_text":400,"h":42,"ls_text":0,"fs_mb_text":14,"h_mb":40,"ls_mb_text":0}}},"block_order":["1585640159361","1585640443284","1585640460694","1585640447349","1585640466340","1600238963177","1600238972491","1585640453760","1585640154849","1585640474337","1585640490350","1585640480446","1585640492985","1600239193246","1600239199659","1585640485544"],"settings":{"se_height":"cus_h","use_custom_h":"1","h_des":"600px","h_tb":"600px","h_mb":"350px","effect":"1","loop":true,"autoplay":false,"au_time":8,"au_hover":true,"button":false,"btn_vi":"2","btn_owl":"1","btn_color":"0","dot":true,"dot_owl":"2","dot_color":"2","layout":"nt_full","cl_bg":"#efefef","mg":"","pd":"","mg_mb":"","pd_mb":""}},"1600223013168":{"type":"featured_collection","settings":{"title":"Find Something New","sub_title":"Skin tight comfort levels of activity, Lightweight, fabric","sub_font":"1","btn_title":"See all products","style_title":"title_3","ic_tt":"gem","show_clpr":false,"collection":"christmas","limit":8,"space":30,"use_pagination":"more","use_bar_lm":false,"btn_rd":false,"btn_icon":false,"btn_style":"default","col_pr":"3","col_pr_tb":"3","col_pr_mb":"6","pr_des":"1","show_vendor":false,"use_cdt":false,"round_cd":false,"cdt_des":"1","use_eq_height":false,"image_ratio":"ratio_nt","image_size":"nt_cover","image_position":"8","hidden":false,"cp_code":false,"layout":"container","cl_bg":"","mg":"60px,,60px,","pd":"","mg_mb":"","pd_mb":""}},"1600223503105":{"type":"shipping","blocks":{"1600223503105-0":{"type":"shipping","settings":{"image":"","icon":"pe-7s-car","title":"FREE SHIPPING","text":"Free shipping on all US order or order above $100"}},"1600223503105-1":{"type":"shipping","settings":{"image":"","icon":"pe-7s-help2","title":"SUPPORT 24/7","text":"Contact us 24 hours a day, 7 days a week"}},"1600223503105-2":{"type":"shipping","settings":{"image":"","icon":"pe-7s-refresh","title":"30 DAYS RETURN","text":"Simply return it within 30 days for an exchange."}},"1600223503105-3":{"type":"shipping","settings":{"image":"","icon":"pe-7s-door-lock","title":"100% PAYMENT SECURE","text":"We ensure secure payment with PEV"}}},"block_order":["1600223503105-0","1600223503105-1","1600223503105-2","1600223503105-3"],"settings":{"source":"pegk","icon_des":"deafult","icon_align":"tl","icon_size":"medium","col_pr":"3","col_pr_tb":"6","col_mb":"fl_nowrap","border":false,"layout":"container","cl_bd":"#ddd","cl_bg":"rgba(0,0,0,0)","cl_ic":"#d4ba80","cl_hd":"#d4ba80","cl_cot":"#d4ba80","mg":"50px,,,","pd":"","mg_mb":"","pd_mb":""}},"1600240063305":{"type":"custom_html","settings":{"code":"<hr>","layout":"container","cl_bg":"","mg":"","pd":"","mg_mb":"","pd_mb":""}},"1600240328948":{"type":"image_text","settings":{"image":"shopify://shop_images/Offer-Image.png","img_align":"center","img_position":"2","image_ratio":"auto","text_size":"60,18","title":"Cushion Cover Exclusive Discount. Hurry Up!","text":"<p>Pair large text with an image to give focus to your chosen product, collection, or blog post. Add details on availability, style, or even provide a review.</p>","button_label":"Shop Now","button_link":"shopify://collections/christmas","open_link":"_blank","txt_align":"tc","use_shadow":false,"cl_txt":"light","layout":"container","cl_bg":"","mg":"80px,,80px,","pd":"","mg_mb":"","pd_mb":""}},"1600240639693":{"type":"image_text_overlay","blocks":{"1600240639693-2":{"type":"2","settings":{"font":"f_body","title":"First 50 Register Customer","color":"#fff","fw_text":400,"fs_text":14,"lh_text":0,"ls_text":0,"fs_mb_text":14,"lh_mb_text":0,"ls_mb_text":0,"hide":false}},"1600240639693-1":{"type":"6","settings":{"sp":10,"sp_mb":10}},"1600240639693-0":{"type":"1","settings":{"title":"Big Sale On Gift","color":"#fff","fw_text":600,"fs_text":30,"lh_text":0,"ls_text":0,"fs_mb_text":25,"lh_mb_text":0,"ls_mb_text":0}},"1600240639693-3":{"type":"6","settings":{"sp":10,"sp_mb":10}},"1600240777408":{"type":"5","settings":{"html":"<div>\n<img src=\"https://cdn.shopify.com/s/files/1/1385/4931/files/curver.png?v=1600240798\">\n</div>"}},"1600240901464":{"type":"6","settings":{"sp":10,"sp_mb":10}},"1600240639693-4":{"type":"3","settings":{"title":"View Offers","btn_link":"shopify://collections/christmas","open_link":"_blank","title2":"Shop Now 2","btn_link2":"","open_link2":"_blank","btn_round":true,"btn_icon":false,"cl_txt":"#0f1a33","cl_bg":"#d4ba80","cl_bd":"#d4ba80","fs_text":14,"fw_text":500,"h":40,"ls_text":0,"fs_mb_text":14,"h_mb":40,"ls_mb_text":0}}},"block_order":["1600240639693-2","1600240639693-1","1600240639693-0","1600240639693-3","1600240777408","1600240901464","1600240639693-4"],"settings":{"se_height":"cus_h","use_custom_h":"2","h_des":"600px","h_tb":"400px","h_mb":"350px","image":"shopify://shop_images/Sub-Banner.jpg","use_pr":false,"img_align":"center","caption_w":"2","cap_v_pos":50,"cap_h_pos":75,"txt_align":"tc","use_shadow":false,"cl_overlay":"#000","cl_opacity":0,"layout":"nt_full","cl_bg":"","mg":"50px,,50px,","pd":"","mg_mb":"","pd_mb":""}},"1600241085086":{"type":"featured_collection","settings":{"title":"Trending Products","sub_title":"Skin tight comfort levels of activity, Lightweight, fabric","sub_font":"1","btn_title":"See all products","style_title":"title_3","ic_tt":"gem","show_clpr":false,"collection":"christmas-2","limit":4,"space":30,"use_pagination":"none","use_bar_lm":true,"btn_rd":true,"btn_icon":false,"btn_style":"default","col_pr":"3","col_pr_tb":"3","col_pr_mb":"6","pr_des":"1","show_vendor":false,"use_cdt":false,"round_cd":false,"cdt_des":"1","use_eq_height":false,"image_ratio":"ratio_nt","image_size":"nt_cover","image_position":"8","hidden":false,"cp_code":false,"layout":"container","cl_bg":"","mg":"80px,,80px,","pd":"","mg_mb":"","pd_mb":""}},"1600241691253":{"type":"brand_list","blocks":{"1600241691253-0":{"type":"brand","settings":{"image":"shopify://shop_images/1.png","url":"","open_link":"_blank"}},"1600241691253-1":{"type":"brand","settings":{"image":"shopify://shop_images/2.png","url":"","open_link":"_blank"}},"1600241691253-2":{"type":"brand","settings":{"image":"shopify://shop_images/3.png","url":"","open_link":"_blank"}},"1600241691253-3":{"type":"brand","settings":{"image":"shopify://shop_images/4.png","url":"","open_link":"_blank"}},"1600241691253-4":{"type":"brand","settings":{"image":"shopify://shop_images/5.png","url":"","open_link":"_blank"}}},"block_order":["1600241691253-0","1600241691253-1","1600241691253-2","1600241691253-3","1600241691253-4"],"settings":{"title":"","sub_title":"","sub_font":"2","style_title":"title_1","ic_tt":"gem","show_clpr":false,"brand_layout":"1","cat_space":"30","col":"15","col_md":"6","col_mb":"6","brand_hover":"0","loop":true,"autoplay":false,"au_time":0,"au_hover":true,"button":false,"btn_vi":"1","btn_owl":"2","btn_color":"0","dot":true,"dot_owl":"1","dot_color":"1","layout":"container","cl_bg":"","mg":"50px,,50px,","pd":"","mg_mb":"","pd_mb":""}},"1600241751866":{"type":"prs_group","blocks":{"1600241751866-0":{"type":"collection","settings":{"title":"Best Seller Item","collection":"christmas","limit":3,"order":"1","cl":"4","cl_tb":"4","cl_mb":"12"}},"1600241751866-1":{"type":"collection","settings":{"title":"Special Products","collection":"christmas-2","limit":3,"order":"1","cl":"4","cl_tb":"4","cl_mb":"12"}},"1600241751866-2":{"type":"collection","settings":{"title":"Top Rated Items","collection":"christmas","limit":3,"order":"1","cl":"4","cl_tb":"4","cl_mb":"12"}}},"block_order":["1600241751866-0","1600241751866-1","1600241751866-2"],"settings":{"layout":"container","cl_bg":"rgba(0,0,0,0)","mg":"50px,,50px,","pd":"","mg_mb":"","pd_mb":""}},"1600242010926":{"type":"featured_blog","settings":{"title":"From The Blogs","sub_title":"Skin tight comfort levels of activity, Lightweight, fabric","sub_font":"1","btn_title":"See all posts","style_title":"title_3","ic_tt":"pencil-alt","show_clpr":false,"layout_des":"1","art_des":"1","blog":"christmas","limit":3,"use_pagination":"none","use_bar_lm":true,"btn_rd":true,"btn_icon":false,"btn_style":"default","date":"date","col_pr":"4","col_pr_tb":"4","col_pr_mb":"12","show_cnt":true,"show_au":true,"show_dt":true,"show_cm":false,"show_rm":false,"loop":false,"au_time":0,"au_hover":true,"button":false,"btn_vi":"1","btn_owl":"1","btn_color":"0","dot":true,"dot_owl":"1","dot_color":"1","use_eq_height":true,"image_ratio":"ratio4_3","image_size":"nt_cover","image_position":"8","layout":"container","cl_bg":"rgba(0,0,0,0)","mg":"50px,,50px,","pd":"","mg_mb":"","pd_mb":""}}},"content_for_index":["1581505806578","1600223503105","1600240063305","1600223013168","1600240328948","1600240639693","1600241085086","1600241691253","1600241751866","1600242010926"]}}